brand,file,source_type,source_url,bytes,status
Bright Data,bright-data.png,Official-site favicon,https://www.google.com/s2/favicons?domain=brightdata.com&sz=256,1023,ok
OpusClip,opusclip.png,Official-site favicon,https://www.google.com/s2/favicons?domain=opus.pro&sz=256,2367,ok
YouTube,youtube.svg,Simple Icons SVG,https://cdn.simpleicons.org/youtube,474,ok
Google,google.svg,Simple Icons SVG,https://cdn.simpleicons.org/google,472,ok
Meta,meta.svg,Simple Icons SVG,https://cdn.simpleicons.org/meta,1339,ok
Usercentrics,usercentrics.png,Official-site favicon,https://www.google.com/s2/favicons?domain=usercentrics.com&sz=256,2770,ok
Atlassian Confluence,atlassian-confluence.svg,Simple Icons SVG,https://cdn.simpleicons.org/confluence,746,ok
Durable,durable.png,Official-site favicon,https://www.google.com/s2/favicons?domain=durable.co&sz=256,8643,ok
HubSpot,hubspot.svg,Simple Icons SVG,https://cdn.simpleicons.org/hubspot,678,ok
ManyChat,manychat.png,Official-site favicon,https://www.google.com/s2/favicons?domain=manychat.com&sz=256,1803,ok
Radix UI,radix-ui.svg,Simple Icons SVG,https://cdn.simpleicons.org/radixui,271,ok
Pop Store,pop-store.png,Official-site favicon,https://www.google.com/s2/favicons?domain=pop.store&sz=256,1727,ok
Replit,replit.svg,Simple Icons SVG,https://cdn.simpleicons.org/replit,341,ok
Genspark,genspark.png,Official-site favicon,https://www.google.com/s2/favicons?domain=genspark.ai&sz=256,3797,ok
Notion,notion.svg,Simple Icons SVG,https://cdn.simpleicons.org/notion,993,ok
HighLevel,highlevel.png,Official-site favicon,https://www.google.com/s2/favicons?domain=gohighlevel.com&sz=256,678,ok
Poppy AI,poppy-ai.png,Official-site favicon,https://www.google.com/s2/favicons?domain=getpoppy.ai&sz=256,42208,ok
Navan,navan.png,Official-site favicon,https://www.google.com/s2/favicons?domain=navan.com&sz=256,1497,ok
Luma AI,luma-ai.png,Official-site favicon,https://www.google.com/s2/favicons?domain=lumalabs.ai&sz=256,823,ok
Gamma,gamma.png,Official-site favicon converted to PNG,https://www.google.com/s2/favicons?domain=gamma.app&sz=256,29381,ok
InVideo,invideo.png,Official-site favicon,https://www.google.com/s2/favicons?domain=invideo.io&sz=256,5537,ok
Omnisend,omnisend.png,Official-site favicon,https://www.google.com/s2/favicons?domain=omnisend.com&sz=256,6885,ok
Doola,doola.png,Official-site favicon,https://www.google.com/s2/favicons?domain=doola.com&sz=256,2410,ok
Suno,suno.svg,Simple Icons SVG,https://cdn.simpleicons.org/suno,231,ok
Gusto,gusto.svg,Simple Icons SVG,https://cdn.simpleicons.org/gusto,1830,ok
Mindgrasp AI,mindgrasp-ai.png,Official-site favicon,https://www.google.com/s2/favicons?domain=mindgrasp.ai&sz=256,3450,ok
Jarvisen,jarvisen.png,Official-site favicon,https://www.google.com/s2/favicons?sz=256&domain_url=https://www.jarvisen.com,726,ok
Printify,printify.png,Official-site favicon,https://www.google.com/s2/favicons?domain=printify.com&sz=256,1857,ok
Adobe,adobe.png,Official-site favicon,https://www.google.com/s2/favicons?domain=adobe.com&sz=256,1549,ok
Pangaia,pangaia.png,Official-site favicon,https://www.google.com/s2/favicons?domain=pangaia.com&sz=256,585,ok
monday.com,monday-com.png,Official-site favicon,https://www.google.com/s2/favicons?domain=monday.com&sz=256,2075,ok
CapCut,capcut.png,Official-site favicon,https://www.google.com/s2/favicons?domain=capcut.com&sz=256,2649,ok
Bitrix24,bitrix24.png,Official-site favicon,https://www.google.com/s2/favicons?domain=bitrix24.com&sz=256,4578,ok
Magical,magical.png,Official-site favicon,https://www.google.com/s2/favicons?domain=getmagical.com&sz=256,5336,ok
Dell Technologies,dell-technologies.svg,Simple Icons SVG,https://cdn.simpleicons.org/dell,1465,ok
Webull,webull.png,Official-site favicon,https://www.google.com/s2/favicons?domain=webull.com&sz=256,7500,ok
Podia,podia.png,Official-site favicon,https://www.google.com/s2/favicons?domain=podia.com&sz=256,1075,ok
LiveXP,livexp.png,Official-site favicon,https://www.google.com/s2/favicons?domain=livexp.com&sz=256,3358,ok
Novo,novo.png,Official-site favicon,https://www.google.com/s2/favicons?domain=novo.co&sz=256,225,ok
10Web,10web.png,Official-site favicon,https://www.google.com/s2/favicons?domain=10web.io&sz=256,1804,ok
Hostinger,hostinger.svg,Simple Icons SVG,https://cdn.simpleicons.org/hostinger,366,ok
GetResponse,getresponse.png,Official-site favicon converted to PNG,https://www.google.com/s2/favicons?domain=getresponse.com&sz=256,13178,ok
Odoo,odoo.svg,Simple Icons SVG,https://cdn.simpleicons.org/odoo,1396,ok
RingCentral,ringcentral.png,Official-site favicon,https://www.google.com/s2/favicons?domain=ringcentral.com&sz=256,618,ok
Wix.com,wix-com.svg,Simple Icons SVG,https://cdn.simpleicons.org/wix,808,ok
Alibaba.com,alibaba-com.svg,Simple Icons SVG,https://cdn.simpleicons.org/alibabadotcom,961,ok
Zoho,zoho.svg,Simple Icons SVG,https://cdn.simpleicons.org/zoho,2651,ok
AWS Educate,aws-educate.png,Official-site favicon,https://www.google.com/s2/favicons?domain=aws.amazon.com&sz=256,1189,ok
Fidelity Investments,fidelity-investments.png,Official-site favicon,https://www.google.com/s2/favicons?domain=fidelity.com&sz=256,3389,ok
TOEFL (ETS),toefl-ets.png,Official-site favicon,https://www.google.com/s2/favicons?domain=ets.org&sz=256,1701,ok
Acer,acer.svg,Simple Icons SVG,https://cdn.simpleicons.org/acer,1831,ok
Lenovo,lenovo.svg,Simple Icons SVG,https://cdn.simpleicons.org/lenovo,1224,ok
Robinhood,robinhood.svg,Simple Icons SVG,https://cdn.simpleicons.org/robinhood,778,ok
Binance,binance.svg,Simple Icons SVG,https://cdn.simpleicons.org/binance,505,ok
LG,lg.svg,Simple Icons SVG,https://cdn.simpleicons.org/lg,998,ok
HP,hp.svg,Simple Icons SVG,https://cdn.simpleicons.org/hp,656,ok
Logitech,logitech.png,Official-site favicon,https://www.google.com/s2/favicons?domain=logitech.com&sz=256,4349,ok
Luisa Beccaria,luisa-beccaria.png,Official-site favicon,https://www.google.com/s2/favicons?domain=luisabeccaria.it&sz=256,1193,ok
Ledger,ledger.png,Official-site favicon,https://www.google.com/s2/favicons?domain=ledger.com&sz=256,691,ok
Four Seasons,four-seasons.png,Official-site favicon,https://www.google.com/s2/favicons?domain=fourseasons.com&sz=256,3506,ok
Pandora,pandora.svg,Simple Icons SVG,https://cdn.simpleicons.org/pandora,253,ok
InterContinental Hotels & Resorts,intercontinental-hotels-and-resorts.png,Official-site favicon,https://www.google.com/s2/favicons?domain=ihg.com&sz=256,2044,ok
Valmont,valmont.png,Official-site favicon,https://www.google.com/s2/favicons?domain=lamaisonvalmont.com&sz=256,413,ok
The Lodge at Sonoma,the-lodge-at-sonoma.png,Official-site favicon,https://www.google.com/s2/favicons?domain=thelodgeatsonoma.com&sz=256,8180,ok
OneTwoTrip!,onetwotrip.png,Official-site favicon,https://www.google.com/s2/favicons?domain=onetwotrip.com&sz=256,2377,ok
12 STOREEZ,12-storeez.png,Official-site favicon,https://www.google.com/s2/favicons?domain=12storeez.com&sz=256,2029,ok
L'Hotel du Collectionneur Paris,l-hotel-du-collectionneur-paris.png,Official-site favicon,https://www.google.com/s2/favicons?domain=hotelducollectionneur.com&sz=256,4556,ok
Gondola Vista Luxury Homes Lake Tahoe,gondola-vista-luxury-homes-lake-tahoe.png,Official website converted to PNG,https://www.gondolavista.com/images/logo.webp,9894,ok
DeMellier London,demellier-london.png,Official-site favicon,https://www.google.com/s2/favicons?domain=demellierlondon.com&sz=256,737,ok
Gatti Nolli by Marwan,gatti-nolli-by-marwan.png,Official-site favicon converted to PNG,https://www.google.com/s2/favicons?domain=gattinolli.com&sz=256,9172,ok
Maison Francis Kurkdjian Paris,maison-francis-kurkdjian-paris.png,Official-site favicon,https://www.google.com/s2/favicons?domain=franciskurkdjian.com&sz=256,1568,ok
Microsoft,microsoft.png,Official-site favicon,https://www.google.com/s2/favicons?domain=microsoft.com&sz=256,426,ok
Cadillac,cadillac.svg,Simple Icons SVG,https://cdn.simpleicons.org/cadillac,1565,ok
IBM,ibm.png,Official-site favicon,https://www.google.com/s2/favicons?domain=ibm.com&sz=256,2379,ok
Perplexity,perplexity.svg,Simple Icons SVG,https://cdn.simpleicons.org/perplexity,633,ok
Apple,apple.svg,Simple Icons SVG,https://cdn.simpleicons.org/apple,665,ok
